id_tutoria,id_estudiante,id_docente,fecha,hora,modalidad,tema_tratado,actividades,compromisos,proxima_tutoria,asistencia,observaciones
1,112,104,2026-04-27,9:00,Virtual,Control de avances del borrador,Se revisaron los avances presentados por el estudiante.,Corregir observaciones y presentar nuevo avance.,2026-05-04,Asistió,Registro generado desde CSV.
2,13,108,2026-05-10,10:00,Virtual,Control de avances del borrador,Se revisaron los avances presentados por el estudiante.,Corregir observaciones y presentar nuevo avance.,2026-05-17,Justificado,Registro generado desde CSV.
3,16,98,2026-04-08,11:00,Virtual,Corrección del marco teórico,Se revisaron los avances presentados por el estudiante.,Corregir observaciones y presentar nuevo avance.,2026-04-15,Justificado,Registro generado desde CSV.
4,98,67,2026-04-14,10:00,Presencial,Control de avances del borrador,Se revisaron los avances presentados por el estudiante.,Corregir observaciones y presentar nuevo avance.,2026-04-21,No asistió,Registro generado desde CSV.
5,112,104,2026-04-25,11:00,Virtual,Corrección del marco teórico,Se revisaron los avances presentados por el estudiante.,Corregir observaciones y presentar nuevo avance.,2026-05-02,Asistió,Registro generado desde CSV.
6,145,28,2026-05-28,17:00,Presencial,Corrección del marco teórico,Se revisaron los avances presentados por el estudiante.,Corregir observaciones y presentar nuevo avance.,2026-06-04,No asistió,Registro generado desde CSV.
7,161,104,2026-06-10,15:00,Virtual,Revisión del planteamiento del problema,Se revisaron los avances presentados por el estudiante.,Corregir observaciones y presentar nuevo avance.,2026-06-17,Asistió,Registro generado desde CSV.
8,125,42,2026-03-06,12:00,Virtual,Control de avances del borrador,Se revisaron los avances presentados por el estudiante.,Corregir observaciones y presentar nuevo avance.,2026-03-13,Asistió,Registro generado desde CSV.
9,107,61,2026-05-24,10:00,Virtual,Revisión de objetivos y justificación,Se revisaron los avances presentados por el estudiante.,Corregir observaciones y presentar nuevo avance.,2026-05-31,Justificado,Registro generado desde CSV.
10,104,87,2026-03-15,15:00,Presencial,Revisión de metodología,Se revisaron los avances presentados por el estudiante.,Corregir observaciones y presentar nuevo avance.,2026-03-22,No asistió,Registro generado desde CSV.
11,2,113,2026-06-03,12:00,Presencial,Control de avances del borrador,Se revisaron los avances presentados por el estudiante.,Corregir observaciones y presentar nuevo avance.,2026-06-10,Justificado,Registro generado desde CSV.
12,7,32,2026-03-18,10:00,Virtual,Revisión del planteamiento del problema,Se revisaron los avances presentados por el estudiante.,Corregir observaciones y presentar nuevo avance.,2026-03-25,Justificado,Registro generado desde CSV.
13,149,44,2026-04-11,9:00,Virtual,Revisión de metodología,Se revisaron los avances presentados por el estudiante.,Corregir observaciones y presentar nuevo avance.,2026-04-18,Asistió,Registro generado desde CSV.
14,127,64,2026-04-06,11:00,Presencial,Revisión de metodología,Se revisaron los avances presentados por el estudiante.,Corregir observaciones y presentar nuevo avance.,2026-04-13,Asistió,Registro generado desde CSV.
15,28,69,2026-05-09,11:00,Virtual,Revisión de metodología,Se revisaron los avances presentados por el estudiante.,Corregir observaciones y presentar nuevo avance.,2026-05-16,Asistió,Registro generado desde CSV.
16,165,91,2026-03-10,8:00,Virtual,Control de avances del borrador,Se revisaron los avances presentados por el estudiante.,Corregir observaciones y presentar nuevo avance.,2026-03-17,Asistió,Registro generado desde CSV.
17,26,61,2026-04-11,10:00,Virtual,Revisión de metodología,Se revisaron los avances presentados por el estudiante.,Corregir observaciones y presentar nuevo avance.,2026-04-18,No asistió,Registro generado desde CSV.
18,35,88,2026-03-05,8:00,Virtual,Revisión del planteamiento del problema,Se revisaron los avances presentados por el estudiante.,Corregir observaciones y presentar nuevo avance.,2026-03-12,Asistió,Registro generado desde CSV.
19,47,97,2026-05-20,15:00,Virtual,Revisión de metodología,Se revisaron los avances presentados por el estudiante.,Corregir observaciones y presentar nuevo avance.,2026-05-27,Justificado,Registro generado desde CSV.
20,91,18,2026-05-01,16:00,Presencial,Revisión del planteamiento del problema,Se revisaron los avances presentados por el estudiante.,Corregir observaciones y presentar nuevo avance.,2026-05-08,Asistió,Registro generado desde CSV.
21,98,67,2026-03-13,8:00,Presencial,Revisión de objetivos y justificación,Se revisaron los avances presentados por el estudiante.,Corregir observaciones y presentar nuevo avance.,2026-03-20,Asistió,Registro generado desde CSV.
22,199,52,2026-06-01,11:00,Presencial,Revisión de metodología,Se revisaron los avances presentados por el estudiante.,Corregir observaciones y presentar nuevo avance.,2026-06-08,Justificado,Registro generado desde CSV.
23,144,66,2026-05-03,15:00,Presencial,Revisión de objetivos y justificación,Se revisaron los avances presentados por el estudiante.,Corregir observaciones y presentar nuevo avance.,2026-05-10,Asistió,Registro generado desde CSV.
24,13,108,2026-04-24,10:00,Virtual,Revisión de objetivos y justificación,Se revisaron los avances presentados por el estudiante.,Corregir observaciones y presentar nuevo avance.,2026-05-01,Asistió,Registro generado desde CSV.
25,144,66,2026-06-18,11:00,Presencial,Revisión del planteamiento del problema,Se revisaron los avances presentados por el estudiante.,Corregir observaciones y presentar nuevo avance.,2026-06-25,No asistió,Registro generado desde CSV.
26,18,82,2026-05-10,9:00,Virtual,Corrección del marco teórico,Se revisaron los avances presentados por el estudiante.,Corregir observaciones y presentar nuevo avance.,2026-05-17,Asistió,Registro generado desde CSV.
27,111,95,2026-04-20,8:00,Presencial,Revisión del planteamiento del problema,Se revisaron los avances presentados por el estudiante.,Corregir observaciones y presentar nuevo avance.,2026-04-27,Asistió,Registro generado desde CSV.
28,28,69,2026-05-20,8:00,Virtual,Revisión de metodología,Se revisaron los avances presentados por el estudiante.,Corregir observaciones y presentar nuevo avance.,2026-05-27,No asistió,Registro generado desde CSV.
29,18,82,2026-06-16,8:00,Virtual,Corrección del marco teórico,Se revisaron los avances presentados por el estudiante.,Corregir observaciones y presentar nuevo avance.,2026-06-23,Asistió,Registro generado desde CSV.
30,202,14,2026-03-17,13:00,Presencial,Revisión de metodología,Se revisaron los avances presentados por el estudiante.,Corregir observaciones y presentar nuevo avance.,2026-03-24,Asistió,Registro generado desde CSV.
31,191,21,2026-04-22,13:00,Virtual,Revisión de metodología,Se revisaron los avances presentados por el estudiante.,Corregir observaciones y presentar nuevo avance.,2026-04-29,Asistió,Registro generado desde CSV.
32,124,16,2026-04-24,13:00,Presencial,Corrección del marco teórico,Se revisaron los avances presentados por el estudiante.,Corregir observaciones y presentar nuevo avance.,2026-05-01,Asistió,Registro generado desde CSV.
33,206,67,2026-05-23,16:00,Presencial,Revisión del planteamiento del problema,Se revisaron los avances presentados por el estudiante.,Corregir observaciones y presentar nuevo avance.,2026-05-30,Justificado,Registro generado desde CSV.
34,86,16,2026-06-17,10:00,Presencial,Revisión de objetivos y justificación,Se revisaron los avances presentados por el estudiante.,Corregir observaciones y presentar nuevo avance.,2026-06-24,Asistió,Registro generado desde CSV.
35,72,43,2026-05-22,16:00,Presencial,Revisión de objetivos y justificación,Se revisaron los avances presentados por el estudiante.,Corregir observaciones y presentar nuevo avance.,2026-05-29,No asistió,Registro generado desde CSV.
36,40,36,2026-06-10,11:00,Presencial,Control de avances del borrador,Se revisaron los avances presentados por el estudiante.,Corregir observaciones y presentar nuevo avance.,2026-06-17,Asistió,Registro generado desde CSV.
37,25,79,2026-03-14,8:00,Presencial,Revisión de objetivos y justificación,Se revisaron los avances presentados por el estudiante.,Corregir observaciones y presentar nuevo avance.,2026-03-21,Justificado,Registro generado desde CSV.
38,10,68,2026-04-08,10:00,Presencial,Corrección del marco teórico,Se revisaron los avances presentados por el estudiante.,Corregir observaciones y presentar nuevo avance.,2026-04-15,Asistió,Registro generado desde CSV.
39,197,100,2026-03-30,13:00,Virtual,Revisión de metodología,Se revisaron los avances presentados por el estudiante.,Corregir observaciones y presentar nuevo avance.,2026-04-06,Asistió,Registro generado desde CSV.
40,195,42,2026-06-10,16:00,Presencial,Corrección del marco teórico,Se revisaron los avances presentados por el estudiante.,Corregir observaciones y presentar nuevo avance.,2026-06-17,No asistió,Registro generado desde CSV.
41,53,73,2026-05-13,17:00,Virtual,Revisión del planteamiento del problema,Se revisaron los avances presentados por el estudiante.,Corregir observaciones y presentar nuevo avance.,2026-05-20,Justificado,Registro generado desde CSV.
42,205,70,2026-05-16,13:00,Virtual,Revisión de objetivos y justificación,Se revisaron los avances presentados por el estudiante.,Corregir observaciones y presentar nuevo avance.,2026-05-23,Asistió,Registro generado desde CSV.
43,195,42,2026-03-11,9:00,Virtual,Control de avances del borrador,Se revisaron los avances presentados por el estudiante.,Corregir observaciones y presentar nuevo avance.,2026-03-18,No asistió,Registro generado desde CSV.
44,22,52,2026-05-21,13:00,Virtual,Revisión del planteamiento del problema,Se revisaron los avances presentados por el estudiante.,Corregir observaciones y presentar nuevo avance.,2026-05-28,Asistió,Registro generado desde CSV.
45,7,32,2026-04-22,15:00,Presencial,Revisión del planteamiento del problema,Se revisaron los avances presentados por el estudiante.,Corregir observaciones y presentar nuevo avance.,2026-04-29,No asistió,Registro generado desde CSV.
46,141,29,2026-06-17,10:00,Presencial,Revisión del planteamiento del problema,Se revisaron los avances presentados por el estudiante.,Corregir observaciones y presentar nuevo avance.,2026-06-24,No asistió,Registro generado desde CSV.
47,184,98,2026-04-06,13:00,Virtual,Control de avances del borrador,Se revisaron los avances presentados por el estudiante.,Corregir observaciones y presentar nuevo avance.,2026-04-13,Justificado,Registro generado desde CSV.
48,68,94,2026-04-12,15:00,Presencial,Control de avances del borrador,Se revisaron los avances presentados por el estudiante.,Corregir observaciones y presentar nuevo avance.,2026-04-19,Asistió,Registro generado desde CSV.
49,51,65,2026-03-04,17:00,Presencial,Control de avances del borrador,Se revisaron los avances presentados por el estudiante.,Corregir observaciones y presentar nuevo avance.,2026-03-11,Justificado,Registro generado desde CSV.
50,132,5,2026-05-15,12:00,Presencial,Revisión del planteamiento del problema,Se revisaron los avances presentados por el estudiante.,Corregir observaciones y presentar nuevo avance.,2026-05-22,Asistió,Registro generado desde CSV.
51,47,97,2026-03-09,12:00,Virtual,Control de avances del borrador,Se revisaron los avances presentados por el estudiante.,Corregir observaciones y presentar nuevo avance.,2026-03-16,Justificado,Registro generado desde CSV.
52,203,38,2026-05-14,10:00,Presencial,Corrección del marco teórico,Se revisaron los avances presentados por el estudiante.,Corregir observaciones y presentar nuevo avance.,2026-05-21,Asistió,Registro generado desde CSV.
53,24,60,2026-05-31,17:00,Presencial,Control de avances del borrador,Se revisaron los avances presentados por el estudiante.,Corregir observaciones y presentar nuevo avance.,2026-06-07,Asistió,Registro generado desde CSV.
54,70,86,2026-03-30,13:00,Presencial,Revisión del planteamiento del problema,Se revisaron los avances presentados por el estudiante.,Corregir observaciones y presentar nuevo avance.,2026-04-06,Asistió,Registro generado desde CSV.
55,139,73,2026-04-19,13:00,Presencial,Revisión del planteamiento del problema,Se revisaron los avances presentados por el estudiante.,Corregir observaciones y presentar nuevo avance.,2026-04-26,Asistió,Registro generado desde CSV.
56,160,49,2026-04-07,14:00,Virtual,Revisión de objetivos y justificación,Se revisaron los avances presentados por el estudiante.,Corregir observaciones y presentar nuevo avance.,2026-04-14,Asistió,Registro generado desde CSV.
57,206,67,2026-03-05,15:00,Virtual,Corrección del marco teórico,Se revisaron los avances presentados por el estudiante.,Corregir observaciones y presentar nuevo avance.,2026-03-12,Asistió,Registro generado desde CSV.
58,35,88,2026-04-08,17:00,Virtual,Revisión de metodología,Se revisaron los avances presentados por el estudiante.,Corregir observaciones y presentar nuevo avance.,2026-04-15,Asistió,Registro generado desde CSV.
59,154,36,2026-03-30,14:00,Virtual,Revisión de metodología,Se revisaron los avances presentados por el estudiante.,Corregir observaciones y presentar nuevo avance.,2026-04-06,Asistió,Registro generado desde CSV.
60,99,89,2026-03-15,9:00,Presencial,Control de avances del borrador,Se revisaron los avances presentados por el estudiante.,Corregir observaciones y presentar nuevo avance.,2026-03-22,No asistió,Registro generado desde CSV.
61,7,32,2026-03-06,15:00,Presencial,Revisión del planteamiento del problema,Se revisaron los avances presentados por el estudiante.,Corregir observaciones y presentar nuevo avance.,2026-03-13,Asistió,Registro generado desde CSV.
62,70,86,2026-03-28,15:00,Presencial,Revisión del planteamiento del problema,Se revisaron los avances presentados por el estudiante.,Corregir observaciones y presentar nuevo avance.,2026-04-04,Asistió,Registro generado desde CSV.
63,106,54,2026-05-01,9:00,Virtual,Revisión de objetivos y justificación,Se revisaron los avances presentados por el estudiante.,Corregir observaciones y presentar nuevo avance.,2026-05-08,Asistió,Registro generado desde CSV.
64,134,25,2026-04-10,17:00,Virtual,Control de avances del borrador,Se revisaron los avances presentados por el estudiante.,Corregir observaciones y presentar nuevo avance.,2026-04-17,Asistió,Registro generado desde CSV.
65,116,86,2026-03-19,17:00,Presencial,Revisión del planteamiento del problema,Se revisaron los avances presentados por el estudiante.,Corregir observaciones y presentar nuevo avance.,2026-03-26,Asistió,Registro generado desde CSV.
66,130,60,2026-05-13,8:00,Presencial,Revisión de objetivos y justificación,Se revisaron los avances presentados por el estudiante.,Corregir observaciones y presentar nuevo avance.,2026-05-20,No asistió,Registro generado desde CSV.
67,144,66,2026-04-04,8:00,Presencial,Control de avances del borrador,Se revisaron los avances presentados por el estudiante.,Corregir observaciones y presentar nuevo avance.,2026-04-11,No asistió,Registro generado desde CSV.
68,183,2,2026-05-20,11:00,Virtual,Revisión del planteamiento del problema,Se revisaron los avances presentados por el estudiante.,Corregir observaciones y presentar nuevo avance.,2026-05-27,No asistió,Registro generado desde CSV.
69,138,28,2026-03-16,11:00,Presencial,Corrección del marco teórico,Se revisaron los avances presentados por el estudiante.,Corregir observaciones y presentar nuevo avance.,2026-03-23,No asistió,Registro generado desde CSV.
70,16,98,2026-05-29,14:00,Virtual,Control de avances del borrador,Se revisaron los avances presentados por el estudiante.,Corregir observaciones y presentar nuevo avance.,2026-06-05,Justificado,Registro generado desde CSV.
71,40,36,2026-05-12,12:00,Virtual,Corrección del marco teórico,Se revisaron los avances presentados por el estudiante.,Corregir observaciones y presentar nuevo avance.,2026-05-19,Asistió,Registro generado desde CSV.
72,124,16,2026-06-01,8:00,Virtual,Revisión de metodología,Se revisaron los avances presentados por el estudiante.,Corregir observaciones y presentar nuevo avance.,2026-06-08,Asistió,Registro generado desde CSV.
73,102,56,2026-05-02,13:00,Virtual,Revisión del planteamiento del problema,Se revisaron los avances presentados por el estudiante.,Corregir observaciones y presentar nuevo avance.,2026-05-09,Asistió,Registro generado desde CSV.
74,199,52,2026-06-05,16:00,Presencial,Revisión del planteamiento del problema,Se revisaron los avances presentados por el estudiante.,Corregir observaciones y presentar nuevo avance.,2026-06-12,Asistió,Registro generado desde CSV.
75,12,91,2026-04-04,17:00,Presencial,Corrección del marco teórico,Se revisaron los avances presentados por el estudiante.,Corregir observaciones y presentar nuevo avance.,2026-04-11,Asistió,Registro generado desde CSV.
76,135,59,2026-03-06,15:00,Virtual,Revisión de metodología,Se revisaron los avances presentados por el estudiante.,Corregir observaciones y presentar nuevo avance.,2026-03-13,Asistió,Registro generado desde CSV.
77,5,49,2026-04-05,8:00,Virtual,Revisión del planteamiento del problema,Se revisaron los avances presentados por el estudiante.,Corregir observaciones y presentar nuevo avance.,2026-04-12,Justificado,Registro generado desde CSV.
78,83,58,2026-03-14,13:00,Virtual,Corrección del marco teórico,Se revisaron los avances presentados por el estudiante.,Corregir observaciones y presentar nuevo avance.,2026-03-21,Asistió,Registro generado desde CSV.
79,61,19,2026-06-02,12:00,Presencial,Revisión de metodología,Se revisaron los avances presentados por el estudiante.,Corregir observaciones y presentar nuevo avance.,2026-06-09,Justificado,Registro generado desde CSV.
80,40,36,2026-03-20,16:00,Presencial,Control de avances del borrador,Se revisaron los avances presentados por el estudiante.,Corregir observaciones y presentar nuevo avance.,2026-03-27,Justificado,Registro generado desde CSV.
81,85,60,2026-06-03,17:00,Presencial,Revisión de objetivos y justificación,Se revisaron los avances presentados por el estudiante.,Corregir observaciones y presentar nuevo avance.,2026-06-10,No asistió,Registro generado desde CSV.
82,194,4,2026-06-15,13:00,Virtual,Revisión de metodología,Se revisaron los avances presentados por el estudiante.,Corregir observaciones y presentar nuevo avance.,2026-06-22,Asistió,Registro generado desde CSV.
83,196,74,2026-04-13,15:00,Presencial,Revisión del planteamiento del problema,Se revisaron los avances presentados por el estudiante.,Corregir observaciones y presentar nuevo avance.,2026-04-20,Asistió,Registro generado desde CSV.
84,172,103,2026-03-14,14:00,Presencial,Revisión de metodología,Se revisaron los avances presentados por el estudiante.,Corregir observaciones y presentar nuevo avance.,2026-03-21,No asistió,Registro generado desde CSV.
85,126,13,2026-04-13,8:00,Virtual,Revisión de objetivos y justificación,Se revisaron los avances presentados por el estudiante.,Corregir observaciones y presentar nuevo avance.,2026-04-20,No asistió,Registro generado desde CSV.
86,27,96,2026-03-12,15:00,Presencial,Revisión de objetivos y justificación,Se revisaron los avances presentados por el estudiante.,Corregir observaciones y presentar nuevo avance.,2026-03-19,Asistió,Registro generado desde CSV.
87,59,62,2026-05-24,17:00,Virtual,Corrección del marco teórico,Se revisaron los avances presentados por el estudiante.,Corregir observaciones y presentar nuevo avance.,2026-05-31,Asistió,Registro generado desde CSV.
88,151,24,2026-04-09,16:00,Presencial,Revisión de objetivos y justificación,Se revisaron los avances presentados por el estudiante.,Corregir observaciones y presentar nuevo avance.,2026-04-16,No asistió,Registro generado desde CSV.
89,3,54,2026-04-12,16:00,Presencial,Corrección del marco teórico,Se revisaron los avances presentados por el estudiante.,Corregir observaciones y presentar nuevo avance.,2026-04-19,Asistió,Registro generado desde CSV.
90,13,108,2026-06-10,13:00,Virtual,Revisión del planteamiento del problema,Se revisaron los avances presentados por el estudiante.,Corregir observaciones y presentar nuevo avance.,2026-06-17,Asistió,Registro generado desde CSV.
91,9,50,2026-04-23,8:00,Presencial,Revisión de objetivos y justificación,Se revisaron los avances presentados por el estudiante.,Corregir observaciones y presentar nuevo avance.,2026-04-30,No asistió,Registro generado desde CSV.
92,202,14,2026-05-29,17:00,Virtual,Revisión del planteamiento del problema,Se revisaron los avances presentados por el estudiante.,Corregir observaciones y presentar nuevo avance.,2026-06-05,Asistió,Registro generado desde CSV.
93,195,42,2026-05-08,13:00,Virtual,Revisión del planteamiento del problema,Se revisaron los avances presentados por el estudiante.,Corregir observaciones y presentar nuevo avance.,2026-05-15,Asistió,Registro generado desde CSV.
94,159,77,2026-04-02,17:00,Presencial,Control de avances del borrador,Se revisaron los avances presentados por el estudiante.,Corregir observaciones y presentar nuevo avance.,2026-04-09,Justificado,Registro generado desde CSV.
95,47,97,2026-04-17,13:00,Presencial,Revisión de objetivos y justificación,Se revisaron los avances presentados por el estudiante.,Corregir observaciones y presentar nuevo avance.,2026-04-24,Justificado,Registro generado desde CSV.
96,111,95,2026-04-12,17:00,Presencial,Revisión de objetivos y justificación,Se revisaron los avances presentados por el estudiante.,Corregir observaciones y presentar nuevo avance.,2026-04-19,Asistió,Registro generado desde CSV.
97,126,13,2026-06-05,11:00,Presencial,Revisión del planteamiento del problema,Se revisaron los avances presentados por el estudiante.,Corregir observaciones y presentar nuevo avance.,2026-06-12,Justificado,Registro generado desde CSV.
98,40,36,2026-03-09,15:00,Presencial,Revisión de objetivos y justificación,Se revisaron los avances presentados por el estudiante.,Corregir observaciones y presentar nuevo avance.,2026-03-16,No asistió,Registro generado desde CSV.
99,148,57,2026-04-14,10:00,Presencial,Revisión de metodología,Se revisaron los avances presentados por el estudiante.,Corregir observaciones y presentar nuevo avance.,2026-04-21,Asistió,Registro generado desde CSV.
100,130,60,2026-04-03,14:00,Presencial,Revisión de objetivos y justificación,Se revisaron los avances presentados por el estudiante.,Corregir observaciones y presentar nuevo avance.,2026-04-10,Justificado,Registro generado desde CSV.
101,83,58,2026-06-11,17:00,Virtual,Control de avances del borrador,Se revisaron los avances presentados por el estudiante.,Corregir observaciones y presentar nuevo avance.,2026-06-18,No asistió,Registro generado desde CSV.
102,72,43,2026-06-07,14:00,Presencial,Revisión del planteamiento del problema,Se revisaron los avances presentados por el estudiante.,Corregir observaciones y presentar nuevo avance.,2026-06-14,Justificado,Registro generado desde CSV.
103,179,43,2026-04-05,16:00,Virtual,Control de avances del borrador,Se revisaron los avances presentados por el estudiante.,Corregir observaciones y presentar nuevo avance.,2026-04-12,No asistió,Registro generado desde CSV.
104,144,66,2026-03-19,10:00,Presencial,Control de avances del borrador,Se revisaron los avances presentados por el estudiante.,Corregir observaciones y presentar nuevo avance.,2026-03-26,No asistió,Registro generado desde CSV.
105,40,36,2026-05-26,10:00,Virtual,Control de avances del borrador,Se revisaron los avances presentados por el estudiante.,Corregir observaciones y presentar nuevo avance.,2026-06-02,No asistió,Registro generado desde CSV.
106,87,119,2026-04-08,17:00,Virtual,Revisión del planteamiento del problema,Se revisaron los avances presentados por el estudiante.,Corregir observaciones y presentar nuevo avance.,2026-04-15,No asistió,Registro generado desde CSV.
107,140,65,2026-04-16,11:00,Virtual,Control de avances del borrador,Se revisaron los avances presentados por el estudiante.,Corregir observaciones y presentar nuevo avance.,2026-04-23,Asistió,Registro generado desde CSV.
108,4,105,2026-05-09,14:00,Presencial,Revisión de metodología,Se revisaron los avances presentados por el estudiante.,Corregir observaciones y presentar nuevo avance.,2026-05-16,No asistió,Registro generado desde CSV.
109,44,76,2026-03-07,8:00,Virtual,Corrección del marco teórico,Se revisaron los avances presentados por el estudiante.,Corregir observaciones y presentar nuevo avance.,2026-03-14,Asistió,Registro generado desde CSV.
110,189,114,2026-05-22,13:00,Virtual,Corrección del marco teórico,Se revisaron los avances presentados por el estudiante.,Corregir observaciones y presentar nuevo avance.,2026-05-29,Justificado,Registro generado desde CSV.
111,17,22,2026-06-16,16:00,Presencial,Control de avances del borrador,Se revisaron los avances presentados por el estudiante.,Corregir observaciones y presentar nuevo avance.,2026-06-23,Asistió,Registro generado desde CSV.
112,22,52,2026-04-24,12:00,Presencial,Control de avances del borrador,Se revisaron los avances presentados por el estudiante.,Corregir observaciones y presentar nuevo avance.,2026-05-01,No asistió,Registro generado desde CSV.
113,191,21,2026-03-14,8:00,Presencial,Corrección del marco teórico,Se revisaron los avances presentados por el estudiante.,Corregir observaciones y presentar nuevo avance.,2026-03-21,Asistió,Registro generado desde CSV.
114,127,64,2026-03-04,8:00,Virtual,Corrección del marco teórico,Se revisaron los avances presentados por el estudiante.,Corregir observaciones y presentar nuevo avance.,2026-03-11,Asistió,Registro generado desde CSV.
115,157,119,2026-03-20,17:00,Presencial,Revisión del planteamiento del problema,Se revisaron los avances presentados por el estudiante.,Corregir observaciones y presentar nuevo avance.,2026-03-27,Asistió,Registro generado desde CSV.
116,24,60,2026-03-02,16:00,Presencial,Corrección del marco teórico,Se revisaron los avances presentados por el estudiante.,Corregir observaciones y presentar nuevo avance.,2026-03-09,Asistió,Registro generado desde CSV.
117,179,43,2026-06-05,12:00,Virtual,Corrección del marco teórico,Se revisaron los avances presentados por el estudiante.,Corregir observaciones y presentar nuevo avance.,2026-06-12,No asistió,Registro generado desde CSV.
118,52,7,2026-03-11,17:00,Virtual,Corrección del marco teórico,Se revisaron los avances presentados por el estudiante.,Corregir observaciones y presentar nuevo avance.,2026-03-18,No asistió,Registro generado desde CSV.
119,175,45,2026-06-07,16:00,Presencial,Revisión del planteamiento del problema,Se revisaron los avances presentados por el estudiante.,Corregir observaciones y presentar nuevo avance.,2026-06-14,Justificado,Registro generado desde CSV.
120,137,55,2026-06-03,9:00,Virtual,Corrección del marco teórico,Se revisaron los avances presentados por el estudiante.,Corregir observaciones y presentar nuevo avance.,2026-06-10,Asistió,Registro generado desde CSV.
121,121,66,2026-04-13,12:00,Virtual,Revisión del planteamiento del problema,Se revisaron los avances presentados por el estudiante.,Corregir observaciones y presentar nuevo avance.,2026-04-20,Asistió,Registro generado desde CSV.
122,28,69,2026-03-13,15:00,Virtual,Revisión del planteamiento del problema,Se revisaron los avances presentados por el estudiante.,Corregir observaciones y presentar nuevo avance.,2026-03-20,Justificado,Registro generado desde CSV.
123,102,56,2026-04-12,16:00,Presencial,Revisión del planteamiento del problema,Se revisaron los avances presentados por el estudiante.,Corregir observaciones y presentar nuevo avance.,2026-04-19,Justificado,Registro generado desde CSV.
124,173,58,2026-03-06,12:00,Virtual,Control de avances del borrador,Se revisaron los avances presentados por el estudiante.,Corregir observaciones y presentar nuevo avance.,2026-03-13,No asistió,Registro generado desde CSV.
125,158,18,2026-03-02,9:00,Presencial,Revisión de objetivos y justificación,Se revisaron los avances presentados por el estudiante.,Corregir observaciones y presentar nuevo avance.,2026-03-09,Justificado,Registro generado desde CSV.
126,76,64,2026-06-15,13:00,Virtual,Control de avances del borrador,Se revisaron los avances presentados por el estudiante.,Corregir observaciones y presentar nuevo avance.,2026-06-22,No asistió,Registro generado desde CSV.
127,169,80,2026-04-03,16:00,Virtual,Corrección del marco teórico,Se revisaron los avances presentados por el estudiante.,Corregir observaciones y presentar nuevo avance.,2026-04-10,Asistió,Registro generado desde CSV.
128,36,47,2026-04-21,15:00,Presencial,Control de avances del borrador,Se revisaron los avances presentados por el estudiante.,Corregir observaciones y presentar nuevo avance.,2026-04-28,No asistió,Registro generado desde CSV.
129,171,10,2026-03-12,14:00,Virtual,Control de avances del borrador,Se revisaron los avances presentados por el estudiante.,Corregir observaciones y presentar nuevo avance.,2026-03-19,No asistió,Registro generado desde CSV.
130,139,73,2026-05-30,8:00,Presencial,Revisión del planteamiento del problema,Se revisaron los avances presentados por el estudiante.,Corregir observaciones y presentar nuevo avance.,2026-06-06,No asistió,Registro generado desde CSV.
131,116,86,2026-05-19,17:00,Presencial,Control de avances del borrador,Se revisaron los avances presentados por el estudiante.,Corregir observaciones y presentar nuevo avance.,2026-05-26,No asistió,Registro generado desde CSV.
132,139,73,2026-03-12,8:00,Presencial,Corrección del marco teórico,Se revisaron los avances presentados por el estudiante.,Corregir observaciones y presentar nuevo avance.,2026-03-19,Justificado,Registro generado desde CSV.
133,196,74,2026-05-16,16:00,Virtual,Corrección del marco teórico,Se revisaron los avances presentados por el estudiante.,Corregir observaciones y presentar nuevo avance.,2026-05-23,Justificado,Registro generado desde CSV.
134,138,28,2026-05-12,13:00,Virtual,Revisión de objetivos y justificación,Se revisaron los avances presentados por el estudiante.,Corregir observaciones y presentar nuevo avance.,2026-05-19,Justificado,Registro generado desde CSV.
135,117,77,2026-03-26,10:00,Virtual,Control de avances del borrador,Se revisaron los avances presentados por el estudiante.,Corregir observaciones y presentar nuevo avance.,2026-04-02,Justificado,Registro generado desde CSV.
136,206,67,2026-03-15,10:00,Virtual,Revisión de objetivos y justificación,Se revisaron los avances presentados por el estudiante.,Corregir observaciones y presentar nuevo avance.,2026-03-22,Justificado,Registro generado desde CSV.
137,175,45,2026-05-23,17:00,Virtual,Revisión del planteamiento del problema,Se revisaron los avances presentados por el estudiante.,Corregir observaciones y presentar nuevo avance.,2026-05-30,Justificado,Registro generado desde CSV.
138,99,89,2026-05-23,9:00,Virtual,Control de avances del borrador,Se revisaron los avances presentados por el estudiante.,Corregir observaciones y presentar nuevo avance.,2026-05-30,No asistió,Registro generado desde CSV.
139,28,69,2026-03-24,12:00,Presencial,Corrección del marco teórico,Se revisaron los avances presentados por el estudiante.,Corregir observaciones y presentar nuevo avance.,2026-03-31,No asistió,Registro generado desde CSV.
140,127,64,2026-06-12,16:00,Presencial,Revisión de objetivos y justificación,Se revisaron los avances presentados por el estudiante.,Corregir observaciones y presentar nuevo avance.,2026-06-19,Asistió,Registro generado desde CSV.
141,192,17,2026-04-22,17:00,Presencial,Corrección del marco teórico,Se revisaron los avances presentados por el estudiante.,Corregir observaciones y presentar nuevo avance.,2026-04-29,Asistió,Registro generado desde CSV.
142,61,19,2026-06-03,10:00,Virtual,Revisión del planteamiento del problema,Se revisaron los avances presentados por el estudiante.,Corregir observaciones y presentar nuevo avance.,2026-06-10,Asistió,Registro generado desde CSV.
143,42,81,2026-06-17,12:00,Presencial,Revisión de objetivos y justificación,Se revisaron los avances presentados por el estudiante.,Corregir observaciones y presentar nuevo avance.,2026-06-24,No asistió,Registro generado desde CSV.
144,110,58,2026-04-30,8:00,Presencial,Revisión de metodología,Se revisaron los avances presentados por el estudiante.,Corregir observaciones y presentar nuevo avance.,2026-05-07,Justificado,Registro generado desde CSV.
145,97,38,2026-05-01,8:00,Virtual,Revisión de metodología,Se revisaron los avances presentados por el estudiante.,Corregir observaciones y presentar nuevo avance.,2026-05-08,Justificado,Registro generado desde CSV.
146,179,43,2026-03-03,16:00,Presencial,Control de avances del borrador,Se revisaron los avances presentados por el estudiante.,Corregir observaciones y presentar nuevo avance.,2026-03-10,Justificado,Registro generado desde CSV.
147,136,111,2026-03-30,17:00,Presencial,Control de avances del borrador,Se revisaron los avances presentados por el estudiante.,Corregir observaciones y presentar nuevo avance.,2026-04-06,Asistió,Registro generado desde CSV.
148,149,44,2026-03-16,9:00,Presencial,Revisión del planteamiento del problema,Se revisaron los avances presentados por el estudiante.,Corregir observaciones y presentar nuevo avance.,2026-03-23,No asistió,Registro generado desde CSV.
149,147,31,2026-05-17,8:00,Virtual,Revisión de metodología,Se revisaron los avances presentados por el estudiante.,Corregir observaciones y presentar nuevo avance.,2026-05-24,Justificado,Registro generado desde CSV.
150,148,57,2026-03-14,17:00,Virtual,Revisión de metodología,Se revisaron los avances presentados por el estudiante.,Corregir observaciones y presentar nuevo avance.,2026-03-21,Asistió,Registro generado desde CSV.
151,197,100,2026-05-15,16:00,Virtual,Revisión del planteamiento del problema,Se revisaron los avances presentados por el estudiante.,Corregir observaciones y presentar nuevo avance.,2026-05-22,Asistió,Registro generado desde CSV.
152,14,116,2026-03-23,11:00,Presencial,Corrección del marco teórico,Se revisaron los avances presentados por el estudiante.,Corregir observaciones y presentar nuevo avance.,2026-03-30,Asistió,Registro generado desde CSV.
153,7,32,2026-03-09,16:00,Virtual,Revisión de objetivos y justificación,Se revisaron los avances presentados por el estudiante.,Corregir observaciones y presentar nuevo avance.,2026-03-16,Justificado,Registro generado desde CSV.
154,11,85,2026-06-01,12:00,Virtual,Revisión de objetivos y justificación,Se revisaron los avances presentados por el estudiante.,Corregir observaciones y presentar nuevo avance.,2026-06-08,Asistió,Registro generado desde CSV.
155,11,85,2026-06-10,10:00,Virtual,Revisión de metodología,Se revisaron los avances presentados por el estudiante.,Corregir observaciones y presentar nuevo avance.,2026-06-17,Asistió,Registro generado desde CSV.
156,3,54,2026-05-01,8:00,Presencial,Revisión del planteamiento del problema,Se revisaron los avances presentados por el estudiante.,Corregir observaciones y presentar nuevo avance.,2026-05-08,No asistió,Registro generado desde CSV.
157,42,81,2026-05-25,12:00,Virtual,Revisión de metodología,Se revisaron los avances presentados por el estudiante.,Corregir observaciones y presentar nuevo avance.,2026-06-01,Justificado,Registro generado desde CSV.
158,195,42,2026-05-29,10:00,Presencial,Corrección del marco teórico,Se revisaron los avances presentados por el estudiante.,Corregir observaciones y presentar nuevo avance.,2026-06-05,No asistió,Registro generado desde CSV.
159,26,61,2026-03-11,15:00,Presencial,Revisión de metodología,Se revisaron los avances presentados por el estudiante.,Corregir observaciones y presentar nuevo avance.,2026-03-18,Asistió,Registro generado desde CSV.
160,130,60,2026-04-03,9:00,Virtual,Corrección del marco teórico,Se revisaron los avances presentados por el estudiante.,Corregir observaciones y presentar nuevo avance.,2026-04-10,Justificado,Registro generado desde CSV.
161,207,50,2026-05-31,14:00,Presencial,Control de avances del borrador,Se revisaron los avances presentados por el estudiante.,Corregir observaciones y presentar nuevo avance.,2026-06-07,Asistió,Registro generado desde CSV.
162,202,14,2026-03-23,10:00,Presencial,Revisión de objetivos y justificación,Se revisaron los avances presentados por el estudiante.,Corregir observaciones y presentar nuevo avance.,2026-03-30,Justificado,Registro generado desde CSV.
163,23,6,2026-04-23,13:00,Presencial,Corrección del marco teórico,Se revisaron los avances presentados por el estudiante.,Corregir observaciones y presentar nuevo avance.,2026-04-30,Justificado,Registro generado desde CSV.
164,132,5,2026-04-03,12:00,Presencial,Corrección del marco teórico,Se revisaron los avances presentados por el estudiante.,Corregir observaciones y presentar nuevo avance.,2026-04-10,Asistió,Registro generado desde CSV.
165,58,17,2026-03-23,8:00,Presencial,Corrección del marco teórico,Se revisaron los avances presentados por el estudiante.,Corregir observaciones y presentar nuevo avance.,2026-03-30,Asistió,Registro generado desde CSV.
166,153,36,2026-04-04,11:00,Presencial,Revisión del planteamiento del problema,Se revisaron los avances presentados por el estudiante.,Corregir observaciones y presentar nuevo avance.,2026-04-11,Justificado,Registro generado desde CSV.
167,116,86,2026-06-09,14:00,Virtual,Revisión de objetivos y justificación,Se revisaron los avances presentados por el estudiante.,Corregir observaciones y presentar nuevo avance.,2026-06-16,Asistió,Registro generado desde CSV.
168,110,58,2026-03-19,11:00,Presencial,Control de avances del borrador,Se revisaron los avances presentados por el estudiante.,Corregir observaciones y presentar nuevo avance.,2026-03-26,Asistió,Registro generado desde CSV.
169,47,97,2026-04-08,16:00,Virtual,Revisión del planteamiento del problema,Se revisaron los avances presentados por el estudiante.,Corregir observaciones y presentar nuevo avance.,2026-04-15,Asistió,Registro generado desde CSV.
170,164,53,2026-05-04,10:00,Presencial,Revisión de objetivos y justificación,Se revisaron los avances presentados por el estudiante.,Corregir observaciones y presentar nuevo avance.,2026-05-11,Justificado,Registro generado desde CSV.
171,203,38,2026-03-07,15:00,Presencial,Revisión del planteamiento del problema,Se revisaron los avances presentados por el estudiante.,Corregir observaciones y presentar nuevo avance.,2026-03-14,Justificado,Registro generado desde CSV.
172,165,91,2026-05-23,13:00,Presencial,Revisión de objetivos y justificación,Se revisaron los avances presentados por el estudiante.,Corregir observaciones y presentar nuevo avance.,2026-05-30,Asistió,Registro generado desde CSV.
173,111,95,2026-05-13,8:00,Virtual,Corrección del marco teórico,Se revisaron los avances presentados por el estudiante.,Corregir observaciones y presentar nuevo avance.,2026-05-20,Justificado,Registro generado desde CSV.
174,46,105,2026-03-06,16:00,Virtual,Corrección del marco teórico,Se revisaron los avances presentados por el estudiante.,Corregir observaciones y presentar nuevo avance.,2026-03-13,Justificado,Registro generado desde CSV.
175,31,51,2026-05-08,11:00,Presencial,Control de avances del borrador,Se revisaron los avances presentados por el estudiante.,Corregir observaciones y presentar nuevo avance.,2026-05-15,Justificado,Registro generado desde CSV.
176,40,36,2026-04-09,12:00,Presencial,Revisión de objetivos y justificación,Se revisaron los avances presentados por el estudiante.,Corregir observaciones y presentar nuevo avance.,2026-04-16,Asistió,Registro generado desde CSV.
177,98,67,2026-04-24,13:00,Presencial,Revisión de metodología,Se revisaron los avances presentados por el estudiante.,Corregir observaciones y presentar nuevo avance.,2026-05-01,Justificado,Registro generado desde CSV.
178,138,28,2026-04-07,16:00,Virtual,Revisión del planteamiento del problema,Se revisaron los avances presentados por el estudiante.,Corregir observaciones y presentar nuevo avance.,2026-04-14,No asistió,Registro generado desde CSV.
179,171,10,2026-03-05,12:00,Presencial,Control de avances del borrador,Se revisaron los avances presentados por el estudiante.,Corregir observaciones y presentar nuevo avance.,2026-03-12,Justificado,Registro generado desde CSV.
180,87,119,2026-04-22,13:00,Virtual,Revisión de objetivos y justificación,Se revisaron los avances presentados por el estudiante.,Corregir observaciones y presentar nuevo avance.,2026-04-29,No asistió,Registro generado desde CSV.
181,66,7,2026-05-30,15:00,Presencial,Corrección del marco teórico,Se revisaron los avances presentados por el estudiante.,Corregir observaciones y presentar nuevo avance.,2026-06-06,Asistió,Registro generado desde CSV.
182,76,64,2026-04-19,9:00,Virtual,Corrección del marco teórico,Se revisaron los avances presentados por el estudiante.,Corregir observaciones y presentar nuevo avance.,2026-04-26,Asistió,Registro generado desde CSV.
183,197,100,2026-06-05,13:00,Presencial,Revisión de metodología,Se revisaron los avances presentados por el estudiante.,Corregir observaciones y presentar nuevo avance.,2026-06-12,Asistió,Registro generado desde CSV.
184,11,85,2026-03-29,11:00,Presencial,Revisión del planteamiento del problema,Se revisaron los avances presentados por el estudiante.,Corregir observaciones y presentar nuevo avance.,2026-04-05,Asistió,Registro generado desde CSV.
185,157,119,2026-04-03,17:00,Virtual,Corrección del marco teórico,Se revisaron los avances presentados por el estudiante.,Corregir observaciones y presentar nuevo avance.,2026-04-10,No asistió,Registro generado desde CSV.
186,40,36,2026-03-09,14:00,Virtual,Revisión de metodología,Se revisaron los avances presentados por el estudiante.,Corregir observaciones y presentar nuevo avance.,2026-03-16,Asistió,Registro generado desde CSV.
187,132,5,2026-06-11,16:00,Virtual,Control de avances del borrador,Se revisaron los avances presentados por el estudiante.,Corregir observaciones y presentar nuevo avance.,2026-06-18,Justificado,Registro generado desde CSV.
188,129,105,2026-05-15,16:00,Virtual,Corrección del marco teórico,Se revisaron los avances presentados por el estudiante.,Corregir observaciones y presentar nuevo avance.,2026-05-22,Justificado,Registro generado desde CSV.
189,87,119,2026-05-20,11:00,Virtual,Revisión del planteamiento del problema,Se revisaron los avances presentados por el estudiante.,Corregir observaciones y presentar nuevo avance.,2026-05-27,Justificado,Registro generado desde CSV.
190,168,41,2026-06-14,14:00,Presencial,Revisión del planteamiento del problema,Se revisaron los avances presentados por el estudiante.,Corregir observaciones y presentar nuevo avance.,2026-06-21,Asistió,Registro generado desde CSV.
191,129,105,2026-06-04,9:00,Virtual,Revisión del planteamiento del problema,Se revisaron los avances presentados por el estudiante.,Corregir observaciones y presentar nuevo avance.,2026-06-11,Asistió,Registro generado desde CSV.
192,120,7,2026-05-21,13:00,Presencial,Revisión del planteamiento del problema,Se revisaron los avances presentados por el estudiante.,Corregir observaciones y presentar nuevo avance.,2026-05-28,No asistió,Registro generado desde CSV.
193,151,24,2026-05-23,10:00,Virtual,Revisión de objetivos y justificación,Se revisaron los avances presentados por el estudiante.,Corregir observaciones y presentar nuevo avance.,2026-05-30,Asistió,Registro generado desde CSV.
194,209,41,2026-06-14,15:00,Virtual,Corrección del marco teórico,Se revisaron los avances presentados por el estudiante.,Corregir observaciones y presentar nuevo avance.,2026-06-21,Asistió,Registro generado desde CSV.
195,96,48,2026-04-21,9:00,Presencial,Corrección del marco teórico,Se revisaron los avances presentados por el estudiante.,Corregir observaciones y presentar nuevo avance.,2026-04-28,Asistió,Registro generado desde CSV.
196,193,94,2026-06-18,15:00,Virtual,Revisión del planteamiento del problema,Se revisaron los avances presentados por el estudiante.,Corregir observaciones y presentar nuevo avance.,2026-06-25,No asistió,Registro generado desde CSV.
197,145,28,2026-05-03,10:00,Virtual,Corrección del marco teórico,Se revisaron los avances presentados por el estudiante.,Corregir observaciones y presentar nuevo avance.,2026-05-10,No asistió,Registro generado desde CSV.
198,138,28,2026-05-26,14:00,Virtual,Revisión de metodología,Se revisaron los avances presentados por el estudiante.,Corregir observaciones y presentar nuevo avance.,2026-06-02,No asistió,Registro generado desde CSV.
199,149,44,2026-04-03,16:00,Presencial,Revisión del planteamiento del problema,Se revisaron los avances presentados por el estudiante.,Corregir observaciones y presentar nuevo avance.,2026-04-10,Asistió,Registro generado desde CSV.
200,129,105,2026-06-09,11:00,Virtual,Revisión del planteamiento del problema,Se revisaron los avances presentados por el estudiante.,Corregir observaciones y presentar nuevo avance.,2026-06-16,No asistió,Registro generado desde CSV.
201,149,44,2026-04-17,12:00,Virtual,Revisión de metodología,Se revisaron los avances presentados por el estudiante.,Corregir observaciones y presentar nuevo avance.,2026-04-24,Justificado,Registro generado desde CSV.
202,116,86,2026-03-26,11:00,Presencial,Control de avances del borrador,Se revisaron los avances presentados por el estudiante.,Corregir observaciones y presentar nuevo avance.,2026-04-02,Justificado,Registro generado desde CSV.
203,132,5,2026-03-04,11:00,Presencial,Corrección del marco teórico,Se revisaron los avances presentados por el estudiante.,Corregir observaciones y presentar nuevo avance.,2026-03-11,Justificado,Registro generado desde CSV.
204,197,100,2026-06-07,15:00,Presencial,Corrección del marco teórico,Se revisaron los avances presentados por el estudiante.,Corregir observaciones y presentar nuevo avance.,2026-06-14,No asistió,Registro generado desde CSV.
205,128,51,2026-04-30,9:00,Presencial,Revisión del planteamiento del problema,Se revisaron los avances presentados por el estudiante.,Corregir observaciones y presentar nuevo avance.,2026-05-07,Asistió,Registro generado desde CSV.
206,4,105,2026-03-22,15:00,Presencial,Revisión de objetivos y justificación,Se revisaron los avances presentados por el estudiante.,Corregir observaciones y presentar nuevo avance.,2026-03-29,Asistió,Registro generado desde CSV.
207,39,54,2026-06-06,9:00,Virtual,Revisión de metodología,Se revisaron los avances presentados por el estudiante.,Corregir observaciones y presentar nuevo avance.,2026-06-13,Justificado,Registro generado desde CSV.
208,28,69,2026-04-14,11:00,Virtual,Revisión de objetivos y justificación,Se revisaron los avances presentados por el estudiante.,Corregir observaciones y presentar nuevo avance.,2026-04-21,Justificado,Registro generado desde CSV.
209,39,54,2026-03-24,14:00,Virtual,Revisión del planteamiento del problema,Se revisaron los avances presentados por el estudiante.,Corregir observaciones y presentar nuevo avance.,2026-03-31,No asistió,Registro generado desde CSV.
210,11,85,2026-03-14,13:00,Virtual,Revisión de metodología,Se revisaron los avances presentados por el estudiante.,Corregir observaciones y presentar nuevo avance.,2026-03-21,No asistió,Registro generado desde CSV.
211,40,36,2026-06-05,10:00,Virtual,Corrección del marco teórico,Se revisaron los avances presentados por el estudiante.,Corregir observaciones y presentar nuevo avance.,2026-06-12,No asistió,Registro generado desde CSV.
212,202,14,2026-03-15,8:00,Presencial,Revisión de objetivos y justificación,Se revisaron los avances presentados por el estudiante.,Corregir observaciones y presentar nuevo avance.,2026-03-22,Justificado,Registro generado desde CSV.
213,25,79,2026-05-07,17:00,Virtual,Revisión del planteamiento del problema,Se revisaron los avances presentados por el estudiante.,Corregir observaciones y presentar nuevo avance.,2026-05-14,Asistió,Registro generado desde CSV.
214,151,24,2026-03-18,16:00,Presencial,Revisión de objetivos y justificación,Se revisaron los avances presentados por el estudiante.,Corregir observaciones y presentar nuevo avance.,2026-03-25,Justificado,Registro generado desde CSV.
215,143,119,2026-06-19,16:00,Presencial,Corrección del marco teórico,Se revisaron los avances presentados por el estudiante.,Corregir observaciones y presentar nuevo avance.,2026-06-26,Justificado,Registro generado desde CSV.
216,169,80,2026-04-08,14:00,Virtual,Revisión de objetivos y justificación,Se revisaron los avances presentados por el estudiante.,Corregir observaciones y presentar nuevo avance.,2026-04-15,Justificado,Registro generado desde CSV.
217,91,18,2026-03-23,12:00,Presencial,Revisión de metodología,Se revisaron los avances presentados por el estudiante.,Corregir observaciones y presentar nuevo avance.,2026-03-30,Asistió,Registro generado desde CSV.
218,68,94,2026-05-29,12:00,Virtual,Revisión de metodología,Se revisaron los avances presentados por el estudiante.,Corregir observaciones y presentar nuevo avance.,2026-06-05,Justificado,Registro generado desde CSV.
219,173,58,2026-05-15,9:00,Virtual,Control de avances del borrador,Se revisaron los avances presentados por el estudiante.,Corregir observaciones y presentar nuevo avance.,2026-05-22,Asistió,Registro generado desde CSV.
220,176,73,2026-05-19,8:00,Virtual,Revisión de objetivos y justificación,Se revisaron los avances presentados por el estudiante.,Corregir observaciones y presentar nuevo avance.,2026-05-26,No asistió,Registro generado desde CSV.
221,192,17,2026-03-12,15:00,Presencial,Control de avances del borrador,Se revisaron los avances presentados por el estudiante.,Corregir observaciones y presentar nuevo avance.,2026-03-19,Justificado,Registro generado desde CSV.
222,17,22,2026-04-19,12:00,Presencial,Revisión de objetivos y justificación,Se revisaron los avances presentados por el estudiante.,Corregir observaciones y presentar nuevo avance.,2026-04-26,Justificado,Registro generado desde CSV.
223,157,119,2026-04-17,14:00,Presencial,Revisión del planteamiento del problema,Se revisaron los avances presentados por el estudiante.,Corregir observaciones y presentar nuevo avance.,2026-04-24,No asistió,Registro generado desde CSV.
224,129,105,2026-03-26,15:00,Virtual,Corrección del marco teórico,Se revisaron los avances presentados por el estudiante.,Corregir observaciones y presentar nuevo avance.,2026-04-02,Asistió,Registro generado desde CSV.
225,3,54,2026-03-18,17:00,Presencial,Revisión de objetivos y justificación,Se revisaron los avances presentados por el estudiante.,Corregir observaciones y presentar nuevo avance.,2026-03-25,Justificado,Registro generado desde CSV.
226,171,10,2026-05-09,13:00,Presencial,Corrección del marco teórico,Se revisaron los avances presentados por el estudiante.,Corregir observaciones y presentar nuevo avance.,2026-05-16,Asistió,Registro generado desde CSV.
227,9,50,2026-05-08,10:00,Virtual,Corrección del marco teórico,Se revisaron los avances presentados por el estudiante.,Corregir observaciones y presentar nuevo avance.,2026-05-15,No asistió,Registro generado desde CSV.
228,39,54,2026-03-22,16:00,Virtual,Revisión de objetivos y justificación,Se revisaron los avances presentados por el estudiante.,Corregir observaciones y presentar nuevo avance.,2026-03-29,No asistió,Registro generado desde CSV.
229,113,12,2026-04-01,16:00,Presencial,Revisión de metodología,Se revisaron los avances presentados por el estudiante.,Corregir observaciones y presentar nuevo avance.,2026-04-08,No asistió,Registro generado desde CSV.
230,11,85,2026-05-23,8:00,Presencial,Revisión de objetivos y justificación,Se revisaron los avances presentados por el estudiante.,Corregir observaciones y presentar nuevo avance.,2026-05-30,Asistió,Registro generado desde CSV.
231,199,52,2026-05-27,10:00,Virtual,Control de avances del borrador,Se revisaron los avances presentados por el estudiante.,Corregir observaciones y presentar nuevo avance.,2026-06-03,Asistió,Registro generado desde CSV.
232,7,32,2026-05-01,16:00,Virtual,Revisión del planteamiento del problema,Se revisaron los avances presentados por el estudiante.,Corregir observaciones y presentar nuevo avance.,2026-05-08,Justificado,Registro generado desde CSV.
233,173,58,2026-06-14,8:00,Presencial,Revisión de metodología,Se revisaron los avances presentados por el estudiante.,Corregir observaciones y presentar nuevo avance.,2026-06-21,No asistió,Registro generado desde CSV.
234,66,7,2026-05-15,15:00,Presencial,Control de avances del borrador,Se revisaron los avances presentados por el estudiante.,Corregir observaciones y presentar nuevo avance.,2026-05-22,Asistió,Registro generado desde CSV.
235,189,114,2026-03-04,8:00,Presencial,Revisión de metodología,Se revisaron los avances presentados por el estudiante.,Corregir observaciones y presentar nuevo avance.,2026-03-11,Asistió,Registro generado desde CSV.
236,154,36,2026-05-09,12:00,Virtual,Control de avances del borrador,Se revisaron los avances presentados por el estudiante.,Corregir observaciones y presentar nuevo avance.,2026-05-16,Asistió,Registro generado desde CSV.
237,16,98,2026-03-06,12:00,Presencial,Revisión de metodología,Se revisaron los avances presentados por el estudiante.,Corregir observaciones y presentar nuevo avance.,2026-03-13,Asistió,Registro generado desde CSV.
238,110,58,2026-03-19,13:00,Presencial,Corrección del marco teórico,Se revisaron los avances presentados por el estudiante.,Corregir observaciones y presentar nuevo avance.,2026-03-26,Asistió,Registro generado desde CSV.
239,186,24,2026-05-09,14:00,Presencial,Revisión del planteamiento del problema,Se revisaron los avances presentados por el estudiante.,Corregir observaciones y presentar nuevo avance.,2026-05-16,Asistió,Registro generado desde CSV.
240,192,17,2026-06-01,16:00,Virtual,Corrección del marco teórico,Se revisaron los avances presentados por el estudiante.,Corregir observaciones y presentar nuevo avance.,2026-06-08,Asistió,Registro generado desde CSV.
241,171,10,2026-03-02,13:00,Presencial,Revisión de objetivos y justificación,Se revisaron los avances presentados por el estudiante.,Corregir observaciones y presentar nuevo avance.,2026-03-09,Justificado,Registro generado desde CSV.
242,140,65,2026-03-06,11:00,Presencial,Revisión de objetivos y justificación,Se revisaron los avances presentados por el estudiante.,Corregir observaciones y presentar nuevo avance.,2026-03-13,No asistió,Registro generado desde CSV.
243,17,22,2026-05-17,11:00,Presencial,Revisión de metodología,Se revisaron los avances presentados por el estudiante.,Corregir observaciones y presentar nuevo avance.,2026-05-24,No asistió,Registro generado desde CSV.
244,133,88,2026-03-07,16:00,Virtual,Revisión de metodología,Se revisaron los avances presentados por el estudiante.,Corregir observaciones y presentar nuevo avance.,2026-03-14,No asistió,Registro generado desde CSV.
245,132,5,2026-04-29,13:00,Virtual,Revisión de metodología,Se revisaron los avances presentados por el estudiante.,Corregir observaciones y presentar nuevo avance.,2026-05-06,No asistió,Registro generado desde CSV.
246,136,111,2026-05-09,13:00,Presencial,Corrección del marco teórico,Se revisaron los avances presentados por el estudiante.,Corregir observaciones y presentar nuevo avance.,2026-05-16,Asistió,Registro generado desde CSV.
247,129,105,2026-06-06,12:00,Presencial,Corrección del marco teórico,Se revisaron los avances presentados por el estudiante.,Corregir observaciones y presentar nuevo avance.,2026-06-13,Asistió,Registro generado desde CSV.
248,189,114,2026-03-25,12:00,Presencial,Corrección del marco teórico,Se revisaron los avances presentados por el estudiante.,Corregir observaciones y presentar nuevo avance.,2026-04-01,Asistió,Registro generado desde CSV.
249,70,86,2026-04-04,14:00,Presencial,Revisión de metodología,Se revisaron los avances presentados por el estudiante.,Corregir observaciones y presentar nuevo avance.,2026-04-11,Asistió,Registro generado desde CSV.
250,41,2,2026-04-06,8:00,Virtual,Revisión de objetivos y justificación,Se revisaron los avances presentados por el estudiante.,Corregir observaciones y presentar nuevo avance.,2026-04-13,No asistió,Registro generado desde CSV.
251,129,105,2026-06-17,12:00,Presencial,Revisión del planteamiento del problema,Se revisaron los avances presentados por el estudiante.,Corregir observaciones y presentar nuevo avance.,2026-06-24,Asistió,Registro generado desde CSV.
252,134,25,2026-06-17,17:00,Virtual,Corrección del marco teórico,Se revisaron los avances presentados por el estudiante.,Corregir observaciones y presentar nuevo avance.,2026-06-24,Asistió,Registro generado desde CSV.
253,13,108,2026-03-13,9:00,Presencial,Control de avances del borrador,Se revisaron los avances presentados por el estudiante.,Corregir observaciones y presentar nuevo avance.,2026-03-20,No asistió,Registro generado desde CSV.
254,29,91,2026-04-10,8:00,Virtual,Revisión del planteamiento del problema,Se revisaron los avances presentados por el estudiante.,Corregir observaciones y presentar nuevo avance.,2026-04-17,Asistió,Registro generado desde CSV.
255,13,108,2026-03-10,12:00,Presencial,Revisión de metodología,Se revisaron los avances presentados por el estudiante.,Corregir observaciones y presentar nuevo avance.,2026-03-17,No asistió,Registro generado desde CSV.
256,154,36,2026-05-25,17:00,Presencial,Revisión del planteamiento del problema,Se revisaron los avances presentados por el estudiante.,Corregir observaciones y presentar nuevo avance.,2026-06-01,Justificado,Registro generado desde CSV.
257,157,119,2026-04-08,10:00,Virtual,Corrección del marco teórico,Se revisaron los avances presentados por el estudiante.,Corregir observaciones y presentar nuevo avance.,2026-04-15,Asistió,Registro generado desde CSV.
258,201,1,2026-06-10,12:00,Presencial,Revisión de metodología,Se revisaron los avances presentados por el estudiante.,Corregir observaciones y presentar nuevo avance.,2026-06-17,Asistió,Registro generado desde CSV.
259,189,114,2026-06-07,16:00,Presencial,Control de avances del borrador,Se revisaron los avances presentados por el estudiante.,Corregir observaciones y presentar nuevo avance.,2026-06-14,No asistió,Registro generado desde CSV.
260,2,113,2026-05-20,16:00,Presencial,Control de avances del borrador,Se revisaron los avances presentados por el estudiante.,Corregir observaciones y presentar nuevo avance.,2026-05-27,Justificado,Registro generado desde CSV.
261,166,34,2026-05-20,17:00,Virtual,Control de avances del borrador,Se revisaron los avances presentados por el estudiante.,Corregir observaciones y presentar nuevo avance.,2026-05-27,Justificado,Registro generado desde CSV.
262,192,17,2026-03-08,10:00,Virtual,Corrección del marco teórico,Se revisaron los avances presentados por el estudiante.,Corregir observaciones y presentar nuevo avance.,2026-03-15,Justificado,Registro generado desde CSV.
263,160,49,2026-03-17,12:00,Virtual,Revisión del planteamiento del problema,Se revisaron los avances presentados por el estudiante.,Corregir observaciones y presentar nuevo avance.,2026-03-24,Justificado,Registro generado desde CSV.
264,35,88,2026-04-19,8:00,Virtual,Control de avances del borrador,Se revisaron los avances presentados por el estudiante.,Corregir observaciones y presentar nuevo avance.,2026-04-26,No asistió,Registro generado desde CSV.
265,9,50,2026-03-23,15:00,Virtual,Corrección del marco teórico,Se revisaron los avances presentados por el estudiante.,Corregir observaciones y presentar nuevo avance.,2026-03-30,Asistió,Registro generado desde CSV.
266,145,28,2026-05-13,15:00,Virtual,Revisión de metodología,Se revisaron los avances presentados por el estudiante.,Corregir observaciones y presentar nuevo avance.,2026-05-20,Asistió,Registro generado desde CSV.
267,96,48,2026-05-07,13:00,Presencial,Revisión de objetivos y justificación,Se revisaron los avances presentados por el estudiante.,Corregir observaciones y presentar nuevo avance.,2026-05-14,Asistió,Registro generado desde CSV.
268,186,24,2026-04-14,9:00,Presencial,Corrección del marco teórico,Se revisaron los avances presentados por el estudiante.,Corregir observaciones y presentar nuevo avance.,2026-04-21,Asistió,Registro generado desde CSV.
269,69,27,2026-04-30,10:00,Presencial,Control de avances del borrador,Se revisaron los avances presentados por el estudiante.,Corregir observaciones y presentar nuevo avance.,2026-05-07,No asistió,Registro generado desde CSV.
270,120,7,2026-05-31,11:00,Virtual,Corrección del marco teórico,Se revisaron los avances presentados por el estudiante.,Corregir observaciones y presentar nuevo avance.,2026-06-07,Asistió,Registro generado desde CSV.
271,39,54,2026-03-16,10:00,Virtual,Corrección del marco teórico,Se revisaron los avances presentados por el estudiante.,Corregir observaciones y presentar nuevo avance.,2026-03-23,Asistió,Registro generado desde CSV.
272,36,47,2026-03-17,10:00,Virtual,Revisión de metodología,Se revisaron los avances presentados por el estudiante.,Corregir observaciones y presentar nuevo avance.,2026-03-24,No asistió,Registro generado desde CSV.
273,38,27,2026-04-18,13:00,Virtual,Corrección del marco teórico,Se revisaron los avances presentados por el estudiante.,Corregir observaciones y presentar nuevo avance.,2026-04-25,Justificado,Registro generado desde CSV.
274,43,25,2026-05-29,10:00,Presencial,Corrección del marco teórico,Se revisaron los avances presentados por el estudiante.,Corregir observaciones y presentar nuevo avance.,2026-06-05,No asistió,Registro generado desde CSV.
275,93,103,2026-03-11,16:00,Virtual,Control de avances del borrador,Se revisaron los avances presentados por el estudiante.,Corregir observaciones y presentar nuevo avance.,2026-03-18,No asistió,Registro generado desde CSV.
276,193,94,2026-03-17,13:00,Presencial,Revisión de objetivos y justificación,Se revisaron los avances presentados por el estudiante.,Corregir observaciones y presentar nuevo avance.,2026-03-24,Asistió,Registro generado desde CSV.
277,37,99,2026-04-10,9:00,Virtual,Revisión de metodología,Se revisaron los avances presentados por el estudiante.,Corregir observaciones y presentar nuevo avance.,2026-04-17,No asistió,Registro generado desde CSV.
278,25,79,2026-04-06,13:00,Virtual,Corrección del marco teórico,Se revisaron los avances presentados por el estudiante.,Corregir observaciones y presentar nuevo avance.,2026-04-13,Asistió,Registro generado desde CSV.
279,161,104,2026-05-07,13:00,Presencial,Control de avances del borrador,Se revisaron los avances presentados por el estudiante.,Corregir observaciones y presentar nuevo avance.,2026-05-14,No asistió,Registro generado desde CSV.
280,126,13,2026-06-03,17:00,Presencial,Revisión del planteamiento del problema,Se revisaron los avances presentados por el estudiante.,Corregir observaciones y presentar nuevo avance.,2026-06-10,Asistió,Registro generado desde CSV.